{
  "lastServers": [
    {
      "Name": "eu.the5zig.mod.server.GameServer",
      "Value": {
        "configName": "mineplex",
        "host": "eu.mineplex.com",
        "port": 25565,
        "time": 1516895024679
      }
    },
    {
      "Name": "eu.the5zig.mod.server.GameServer",
      "Value": {
        "configName": "hypixel",
        "host": "mc.hypixel.net",
        "port": 25565,
        "time": 1513020581348
      }
    },
    {
      "Name": "eu.the5zig.mod.server.Server",
      "Value": {
        "host": "192.99.20.165",
        "port": 25575,
        "time": 1509825238587
      }
    },
    {
      "Name": "eu.the5zig.mod.server.Server",
      "Value": {
        "host": "play.hivemc.com",
        "port": 25565,
        "time": 1505494666805
      }
    },
    {
      "Name": "eu.the5zig.mod.server.Server",
      "Value": {
        "host": "play.aspiriamc.com",
        "port": 25565,
        "time": 1504458055976
      }
    }
  ],
  "MAX_SERVER_COUNT": 5
}